millis,CO2,TVOC,temperature,pressure,altitude,lat,lon,latMod,lonMod
1248393,967,86,15.9,101787,-38.14,45.47569844,-122.7568174,698.4441033,681.7396845
1249398,1207,122,16,101786,-38.14,45.47567879,-122.7568322,678.7885404,683.2232813
1250399,1295,136,16,101782,-38.56,45.47567879,-122.7568322,678.7885404,683.2232813
1251400,1140,112,16,101781,-38.23,45.47567879,-122.7568322,678.7885404,683.2232813
1252397,967,86,16,101787,-38.65,45.47567879,-122.7568322,678.7885404,683.2232813
1253397,851,68,16,101781,-37.73,45.47567879,-122.7568322,678.7885404,683.2232813
1254398,785,58,16,101779,-37.07,45.47565741,-122.7568224,657.4146873,682.2425986
1255399,714,47,16,101778,-37.98,45.47565741,-122.7568224,657.4146873,682.2425986
1256400,674,41,15.9,101781,-38.23,45.47565741,-122.7568224,657.4146873,682.2425986
1257402,657,39,15.9,101786,-38.4,45.47565741,-122.7568224,657.4146873,682.2425986
1258403,626,34,15.9,101787,-38.48,45.47565741,-122.7568224,657.4146873,682.2425986
1259406,614,32,15.9,101792,-38.14,45.47565741,-122.7568224,657.4146873,682.2425986
1260405,586,28,15.8,101789,-38.14,45.47565741,-122.7568224,657.4146873,682.2425986
1261408,577,26,15.8,101788,-38.06,45.47565741,-122.7568224,657.4146873,682.2425986
1262407,567,25,15.7,101772,-37.4,45.47565741,-122.7568224,657.4146873,682.2425986
1263409,552,23,15.7,101782,-38.65,45.47565741,-122.7568224,657.4146873,682.2425986
1264409,552,23,15.7,101787,-38.31,45.47565741,-122.7568224,657.4146873,682.2425986
1265411,534,20,15.6,101777,-37.82,45.47565741,-122.7568224,657.4146873,682.2425986
1266412,540,21,15.6,101785,-38.4,45.47565741,-122.7568224,657.4146873,682.2425986
1267412,545,22,15.6,101780,-38.48,45.47565741,-122.7568224,657.4146873,682.2425986
1268413,545,22,15.6,101784,-38.23,45.47565741,-122.7568224,657.4146873,682.2425986
1269414,545,22,15.5,101778,-38.4,45.47565741,-122.7568224,657.4146873,682.2425986
1270415,540,21,15.5,101789,-38.14,45.47565741,-122.7568224,657.4146873,682.2425986
1271416,540,21,15.5,101781,-38.23,45.47565741,-122.7568224,657.4146873,682.2425986
1272418,527,19,15.5,101779,-38.23,45.47565741,-122.7568224,657.4146873,682.2425986
1273419,518,17,15.4,101777,-38.06,45.47565741,-122.7568224,657.4146873,682.2425986
1274420,508,16,15.4,101785,-37.73,45.47565741,-122.7568224,657.4146873,682.2425986
1275420,505,15,15.3,101783,-38.14,45.47565741,-122.7568224,657.4146873,682.2425986
1276422,508,16,15.3,101783,-37.48,45.47565741,-122.7568224,657.4146873,682.2425986
1277423,495,14,15.2,101780,-38.4,45.47565741,-122.7568224,657.4146873,682.2425986
1278425,495,14,15.2,101788,-38.65,45.47565741,-122.7568224,657.4146873,682.2425986
1279425,491,13,15.1,101779,-37.82,45.47565741,-122.7568224,657.4146873,682.2425986
1280427,485,12,15.1,101780,-37.73,45.47565741,-122.7568224,657.4146873,682.2425986
1281427,475,11,15.1,101786,-38.23,45.47565741,-122.7568224,657.4146873,682.2425986
1282428,475,11,15,101777,-38.31,45.47565741,-122.7568224,657.4146873,682.2425986
1283427,463,9,15,101785,-38.48,45.47565741,-122.7568224,657.4146873,682.2425986
1284427,461,9,15,101778,-37.9,45.47565741,-122.7568224,657.4146873,682.2425986
1285429,463,9,14.9,101786,-38.31,45.47565741,-122.7568224,657.4146873,682.2425986
1286429,463,9,14.9,101780,-37.82,45.47565741,-122.7568224,657.4146873,682.2425986
1287431,463,9,14.9,101779,-37.98,45.47565741,-122.7568224,657.4146873,682.2425986
1288431,461,9,14.9,101777,-37.98,45.47565741,-122.7568224,657.4146873,682.2425986
1289433,454,8,14.9,101778,-38.31,45.47565741,-122.7568224,657.4146873,682.2425986
1290434,452,7,14.9,101781,-38.73,45.47565741,-122.7568224,657.4146873,682.2425986
1291435,452,7,14.9,101786,-38.65,45.47565741,-122.7568224,657.4146873,682.2425986
1292435,452,7,14.9,101784,-38.4,45.47565741,-122.7568224,657.4146873,682.2425986
1293436,457,8,14.9,101788,-37.9,45.47565741,-122.7568224,657.4146873,682.2425986
1294437,454,8,14.9,101789,-38.48,45.47565741,-122.7568224,657.4146873,682.2425986
1295438,452,7,14.9,101800,-39.64,45.47565741,-122.7568224,657.4146873,682.2425986
1296440,454,8,14.8,101782,-38.31,45.47565741,-122.7568224,657.4146873,682.2425986
1297441,452,7,14.7,101785,-38.89,45.47565741,-122.7568224,657.4146873,682.2425986
1298443,457,8,14.7,101781,-38.65,45.47565741,-122.7568224,657.4146873,682.2425986
1299443,461,9,14.6,101786,-38.48,45.47565741,-122.7568224,657.4146873,682.2425986
1300445,461,9,14.6,101777,-37.98,45.47565741,-122.7568224,657.4146873,682.2425986
1301445,461,9,14.6,101782,-38.65,45.47565741,-122.7568224,657.4146873,682.2425986
1302447,461,9,14.6,101784,-38.31,45.47565741,-122.7568224,657.4146873,682.2425986
1303449,470,10,14.6,101784,-38.48,45.47565741,-122.7568224,657.4146873,682.2425986
1304451,475,11,14.6,101780,-38.23,45.47565741,-122.7568224,657.4146873,682.2425986
1305451,481,12,14.7,101782,-38.4,45.47565741,-122.7568224,657.4146873,682.2425986
1306452,491,13,14.7,101788,-38.73,45.47565741,-122.7568224,657.4146873,682.2425986
1307453,485,12,14.7,101791,-37.73,45.47565741,-122.7568224,657.4146873,682.2425986
1308454,485,12,14.8,101784,-38.48,45.47565741,-122.7568224,657.4146873,682.2425986
1309455,475,11,14.8,101786,-38.56,45.47565741,-122.7568224,657.4146873,682.2425986
1310454,463,9,14.8,101788,-38.14,45.47565741,-122.7568224,657.4146873,682.2425986
1311456,457,8,14.8,101789,-38.56,45.47565741,-122.7568224,657.4146873,682.2425986
1312456,454,8,14.9,101783,-38.23,45.47565741,-122.7568224,657.4146873,682.2425986
1313458,454,8,14.9,101781,-38.23,45.47565741,-122.7568224,657.4146873,682.2425986
1314459,454,8,14.9,101785,-38.23,45.47565741,-122.7568224,657.4146873,682.2425986
1315460,452,7,14.9,101792,-38.89,45.47565741,-122.7568224,657.4146873,682.2425986
1316460,452,7,15,101784,-37.9,45.47565741,-122.7568224,657.4146873,682.2425986
1317462,448,7,15,101789,-38.73,45.47565741,-122.7568224,657.4146873,682.2425986
1318462,448,7,15,101778,-38.14,45.47565741,-122.7568224,657.4146873,682.2425986
1319463,448,7,15,101787,-38.06,45.47565741,-122.7568224,657.4146873,682.2425986
1320464,457,8,15.1,101785,-38.06,45.47565741,-122.7568224,657.4146873,682.2425986
1321465,457,8,15.1,101783,-38.48,45.47565741,-122.7568224,657.4146873,682.2425986
1322466,461,9,15.1,101794,-37.82,45.47565741,-122.7568224,657.4146873,682.2425986
1323467,461,9,15.1,101789,-38.4,45.47565741,-122.7568224,657.4146873,682.2425986
1324469,463,9,15.1,101787,-38.14,45.47565741,-122.7568224,657.4146873,682.2425986
1325471,470,10,15.1,101785,-38.48,45.47565741,-122.7568224,657.4146873,682.2425986
1326473,470,10,15.2,101785,-38.14,45.47565741,-122.7568224,657.4146873,682.2425986
1327473,475,11,15.2,101788,-37.9,45.47565741,-122.7568224,657.4146873,682.2425986
1328475,485,12,15.2,101789,-38.56,45.47565741,-122.7568224,657.4146873,682.2425986
1329475,491,13,15.2,101787,-38.73,45.47565741,-122.7568224,657.4146873,682.2425986
1330477,491,13,15.3,101787,-38.56,45.47565741,-122.7568224,657.4146873,682.2425986
1331477,478,11,15.3,101786,-38.81,45.47565741,-122.7568224,657.4146873,682.2425986
1332478,475,11,15.3,101789,-38.56,45.47565741,-122.7568224,657.4146873,682.2425986
1333479,470,10,15.3,101794,-38.81,45.47565741,-122.7568224,657.4146873,682.2425986
1334480,470,10,15.3,101786,-38.23,45.47565741,-122.7568224,657.4146873,682.2425986
1335480,463,9,15.3,101792,-38.56,45.47565741,-122.7568224,657.4146873,682.2425986
1336483,475,11,15.3,101790,-38.56,45.47565741,-122.7568224,657.4146873,682.2425986
1337485,485,12,15.3,101784,-38.4,45.47565741,-122.7568224,657.4146873,682.2425986
1338485,491,13,15.3,101785,-38.56,45.47565741,-122.7568224,657.4146873,682.2425986
1339487,497,14,15.3,101789,-38.65,45.47565741,-122.7568224,657.4146873,682.2425986
1340487,501,15,15.2,101786,-38.56,45.47565741,-122.7568224,657.4146873,682.2425986
1341489,505,15,15.2,101782,-38.73,45.47565741,-122.7568224,657.4146873,682.2425986
1342489,505,15,15.1,101790,-39.06,45.47565741,-122.7568224,657.4146873,682.2425986
1343491,505,15,15.1,101790,-38.48,45.47565741,-122.7568224,657.4146873,682.2425986
1344491,497,14,15.1,101787,-38.73,45.47565741,-122.7568224,657.4146873,682.2425986
1345492,497,14,15,101783,-39.06,45.47565741,-122.7568224,657.4146873,682.2425986
1346493,491,13,15,101791,-38.56,45.47565741,-122.7568224,657.4146873,682.2425986
1347494,485,12,15,101793,-39.23,45.47565741,-122.7568224,657.4146873,682.2425986
1348495,485,12,14.9,101786,-38.73,45.47565741,-122.7568224,657.4146873,682.2425986
1349496,481,12,14.9,101781,-38.23,45.47565741,-122.7568224,657.4146873,682.2425986
1350498,481,12,14.8,101788,-38.23,45.47565741,-122.7568224,657.4146873,682.2425986
1351498,481,12,14.8,101794,-38.73,45.47565741,-122.7568224,657.4146873,682.2425986
1352500,481,12,14.8,101800,-38.73,45.47565741,-122.7568224,657.4146873,682.2425986
1353500,481,12,14.8,101795,-39.64,45.47565741,-122.7568224,657.4146873,682.2425986
1354502,495,14,14.8,101799,-39.31,45.47565741,-122.7568224,657.4146873,682.2425986
1355502,505,15,14.8,101802,-40.55,45.47565741,-122.7568224,657.4146873,682.2425986
1356505,540,21,14.8,101797,-38.48,45.47565741,-122.7568224,657.4146873,682.2425986
1357590,603,30,14.8,101793,-38.56,45.47565741,-122.7568224,657.4146873,682.2425986
1358586,626,34,14.9,101793,-38.48,45.47565741,-122.7568224,657.4146873,682.2425986
1359583,643,37,14.9,101787,-39.14,45.47565741,-122.7568224,657.4146873,682.2425986
1360579,657,39,14.9,101792,-38.73,45.47565741,-122.7568224,657.4146873,682.2425986
1361580,653,38,14.8,101785,-41.3,45.47565741,-122.7568224,657.4146873,682.2425986
1362581,634,35,14.6,101820,-42.04,45.47565741,-122.7568224,657.4146873,682.2425986
1363581,597,30,14.5,101785,-38.14,45.47565741,-122.7568224,657.4146873,682.2425986
1364582,592,29,14.6,101775,-37.23,45.47565741,-122.7568224,657.4146873,682.2425986
1365583,586,28,14.6,101769,-36.9,45.47565741,-122.7568224,657.4146873,682.2425986
1366585,580,27,14.6,101760,-36.24,45.47565741,-122.7568224,657.4146873,682.2425986
1367585,572,26,14.6,101756,-35.9,45.47565741,-122.7568224,657.4146873,682.2425986
1368587,561,24,14.6,101756,-35.65,45.47565741,-122.7568224,657.4146873,682.2425986
1369587,561,24,14.6,101752,-35.33,45.47565741,-122.7568224,657.4146873,682.2425986
1370589,548,22,14.6,101776,-37.73,45.47565741,-122.7568224,657.4146873,682.2425986
1371590,540,21,14.6,101780,-38.73,45.47561232,-122.7568239,612.3200482,682.385091
1372592,527,19,14.6,101835,-41.38,45.47561232,-122.7568239,612.3200482,682.385091
1373591,527,19,14.4,101805,-39.23,45.47561232,-122.7568239,612.3200482,682.385091
1374593,530,19,14.4,101798,-39.31,45.47561232,-122.7568239,612.3200482,682.385091
1375593,540,21,14.4,101789,-39.06,45.47561232,-122.7568239,612.3200482,682.385091
1376595,534,20,14.4,101793,-39.06,45.47561232,-122.7568239,612.3200482,682.385091
1377595,545,22,14.4,101794,-38.56,45.47561232,-122.7568239,612.3200482,682.385091
1378596,548,22,14.5,101797,-39.06,45.47561232,-122.7568239,612.3200482,682.385091
1379598,548,22,14.5,101805,-39.64,45.47561232,-122.7568239,612.3200482,682.385091
1380598,552,23,14.4,101797,-39.06,45.47561232,-122.7568239,612.3200482,682.385091
1381600,548,22,14.4,101789,-38.73,45.47561232,-122.7568239,612.3200482,682.385091
1382601,556,23,14.4,101794,-39.31,45.47561232,-122.7568239,612.3200482,682.385091
1383602,556,23,14.4,101791,-39.23,45.47561232,-122.7568239,612.3200482,682.385091
1384602,545,22,14.5,101794,-39.14,45.47561232,-122.7568239,612.3200482,682.385091
1385604,534,20,14.4,101788,-38.56,45.47561232,-122.7568239,612.3200482,682.385091
1386604,508,16,14.5,101802,-39.64,45.47561232,-122.7568239,612.3200482,682.385091
1387607,505,15,14.5,101786,-38.89,45.47561232,-122.7568239,612.3200482,682.385091
1388606,501,15,14.5,101794,-39.55,45.47561232,-122.7568239,612.3200482,682.385091
1389607,491,13,14.5,101792,-38.89,45.47561232,-122.7568239,612.3200482,682.385091
1390608,478,11,14.5,101798,-39.55,45.47561232,-122.7568239,612.3200482,682.385091
1391609,470,10,14.5,101790,-39.14,45.47561232,-122.7568239,612.3200482,682.385091
1392611,470,10,14.5,101791,-38.81,45.47561232,-122.7568239,612.3200482,682.385091
1393611,470,10,14.5,101794,-38.89,45.47561232,-122.7568239,612.3200482,682.385091
1394611,457,8,14.5,101800,-39.23,45.47561232,-122.7568239,612.3200482,682.385091
1395611,452,7,14.5,101789,-38.81,45.47561232,-122.7568239,612.3200482,682.385091
1396614,448,7,14.5,101793,-38.73,45.47561232,-122.7568239,612.3200482,682.385091
1397613,444,6,14.6,101794,-38.81,45.47561232,-122.7568239,612.3200482,682.385091
1398615,444,6,14.6,101798,-38.73,45.47561232,-122.7568239,612.3200482,682.385091
1399615,454,8,14.6,101792,-39.39,45.47561232,-122.7568239,612.3200482,682.385091
1400616,457,8,14.6,101795,-38.4,45.47561232,-122.7568239,612.3200482,682.385091
1401617,452,7,14.6,101792,-39.14,45.47561232,-122.7568239,612.3200482,682.385091
1402618,457,8,14.6,101792,-38.97,45.47561232,-122.7568239,612.3200482,682.385091
1403619,461,9,14.6,101797,-39.64,45.47561232,-122.7568239,612.3200482,682.385091
1404622,470,10,14.6,101793,-39.23,45.47561232,-122.7568239,612.3200482,682.385091
1405624,470,10,14.6,101790,-38.65,45.47561232,-122.7568239,612.3200482,682.385091
1406624,470,10,14.6,101789,-39.64,45.47561232,-122.7568239,612.3200482,682.385091
1407624,463,9,14.7,101798,-39.06,45.47561232,-122.7568239,612.3200482,682.385091
1408626,470,10,14.7,101799,-39.31,45.47561232,-122.7568239,612.3200482,682.385091
1409628,478,11,14.7,101800,-39.23,45.47561232,-122.7568239,612.3200482,682.385091
1410628,478,11,14.7,101799,-39.48,45.47561232,-122.7568239,612.3200482,682.385091
1411630,485,12,14.7,101797,-39.31,45.47561232,-122.7568239,612.3200482,682.385091
1412630,485,12,14.7,101812,-40.3,45.47561232,-122.7568239,612.3200482,682.385091
1413632,478,11,14.7,101806,-40.22,45.47561232,-122.7568239,612.3200482,682.385091
1414632,481,12,14.7,101793,-39.23,45.47561232,-122.7568239,612.3200482,682.385091
1415633,475,11,14.7,101795,-40.05,45.47561232,-122.7568239,612.3200482,682.385091
1416634,470,10,14.7,101794,-38.89,45.47561232,-122.7568239,612.3200482,682.385091
1417635,475,11,14.7,101804,-40.55,45.47561232,-122.7568239,612.3200482,682.385091
1418638,475,11,14.7,101804,-40.72,45.47561232,-122.7568239,612.3200482,682.385091
1419637,475,11,14.7,101809,-39.97,45.47561232,-122.7568239,612.3200482,682.385091
1420640,475,11,14.7,101812,-39.89,45.47561232,-122.7568239,612.3200482,682.385091
1421639,481,12,14.7,101811,-39.48,45.47561232,-122.7568239,612.3200482,682.385091
1422641,481,12,14.7,101808,-39.89,45.47561232,-122.7568239,612.3200482,682.385091
1423641,478,11,14.7,101802,-39.64,45.47561232,-122.7568239,612.3200482,682.385091
1424644,481,12,14.7,101804,-39.89,45.47561232,-122.7568239,612.3200482,682.385091
1425643,485,12,14.7,101803,-40.14,45.47561232,-122.7568239,612.3200482,682.385091
1426644,491,13,14.7,101795,-40.05,45.47561232,-122.7568239,612.3200482,682.385091
1427645,495,14,14.7,101812,-40.55,45.47561232,-122.7568239,612.3200482,682.385091
1428646,495,14,14.7,101806,-40.22,45.47561232,-122.7568239,612.3200482,682.385091
1429647,495,14,14.7,101808,-40.55,45.47561232,-122.7568239,612.3200482,682.385091
1430648,485,12,14.7,101801,-39.8,45.47561232,-122.7568239,612.3200482,682.385091
1431650,485,12,14.7,101807,-40.47,45.47561232,-122.7568239,612.3200482,682.385091
1432650,485,12,14.7,101802,-39.8,45.47561232,-122.7568239,612.3200482,682.385091
1433652,481,12,14.7,101812,-40.14,45.47561232,-122.7568239,612.3200482,682.385091
1434652,485,12,14.7,101811,-40.3,45.47561232,-122.7568239,612.3200482,682.385091
1435654,485,12,14.7,101813,-40.14,45.47561232,-122.7568239,612.3200482,682.385091
1436654,485,12,14.7,101810,-41.05,45.47561232,-122.7568239,612.3200482,682.385091
1437656,491,13,14.7,101807,-40.3,45.47561232,-122.7568239,612.3200482,682.385091
1438656,501,15,14.7,101809,-40.64,45.47561232,-122.7568239,612.3200482,682.385091
1439657,497,14,14.7,101813,-40.14,45.47561232,-122.7568239,612.3200482,682.385091
1440658,505,15,14.7,101805,-40.05,45.47561232,-122.7568239,612.3200482,682.385091
1441659,497,14,14.8,101809,-39.97,45.47561232,-122.7568239,612.3200482,682.385091
1442660,505,15,14.7,101800,-39.72,45.47561232,-122.7568239,612.3200482,682.385091
1443662,518,17,14.7,101802,-40.47,45.47561232,-122.7568239,612.3200482,682.385091
1444664,523,18,14.7,101804,-39.89,45.47561232,-122.7568239,612.3200482,682.385091
1445663,530,19,14.7,101812,-40.22,45.47561232,-122.7568239,612.3200482,682.385091
1446665,518,17,14.7,101800,-40.38,45.47561232,-122.7568239,612.3200482,682.385091
1447665,518,17,14.7,101802,-39.97,45.47561232,-122.7568239,612.3200482,682.385091
1448667,501,15,14.7,101795,-39.97,45.47561232,-122.7568239,612.3200482,682.385091
1449668,505,15,14.6,101802,-39.89,45.47561232,-122.7568239,612.3200482,682.385091
1450670,505,15,14.6,101796,-39.48,45.47561232,-122.7568239,612.3200482,682.385091
1451669,485,12,14.6,101804,-39.31,45.47561232,-122.7568239,612.3200482,682.385091
1452670,478,11,14.6,101802,-39.64,45.47561232,-122.7568239,612.3200482,682.385091
1453669,457,8,14.6,101799,-38.89,45.47561232,-122.7568239,612.3200482,682.385091
1454670,452,7,14.5,101806,-39.64,45.47561232,-122.7568239,612.3200482,682.385091
1455673,442,6,14.5,101799,-39.64,45.47561232,-122.7568239,612.3200482,682.385091
1456673,444,6,14.5,101804,-39.23,45.47561232,-122.7568239,612.3200482,682.385091
1457675,434,5,14.5,101795,-39.72,45.47561232,-122.7568239,612.3200482,682.385091
1458675,444,6,14.4,101805,-39.97,45.47561232,-122.7568239,612.3200482,682.385091
1459677,438,5,14.4,101797,-40.05,45.47561232,-122.7568239,612.3200482,682.385091
1460678,438,5,14.4,101800,-39.48,45.47561232,-122.7568239,612.3200482,682.385091
1461680,434,5,14.4,101800,-40.14,45.47561232,-122.7568239,612.3200482,682.385091
1462680,442,6,14.4,101805,-39.89,45.47561232,-122.7568239,612.3200482,682.385091
1463681,438,5,14.3,101798,-39.31,45.47561232,-122.7568239,612.3200482,682.385091
1464681,444,6,14.3,101798,-39.8,45.47561232,-122.7568239,612.3200482,682.385091
1465682,454,8,14.3,101806,-39.39,45.47561232,-122.7568239,612.3200482,682.385091
1466683,457,8,14.3,101801,-40.05,45.47561232,-122.7568239,612.3200482,682.385091
1467686,470,10,14.3,101799,-39.72,45.47561232,-122.7568239,612.3200482,682.385091
1468687,497,14,14.3,101802,-39.55,45.47561232,-122.7568239,612.3200482,682.385091
1469688,518,17,14.2,101798,-39.23,45.47561232,-122.7568239,612.3200482,682.385091
1470690,620,33,14.2,101796,-40.22,45.47561232,-122.7568239,612.3200482,682.385091
1471691,776,57,14.2,101802,-39.72,45.47561232,-122.7568239,612.3200482,682.385091
1472692,817,63,14.2,101790,-38.48,45.47561232,-122.7568239,612.3200482,682.385091
1473692,961,85,14.2,101793,-39.48,45.47561232,-122.7568239,612.3200482,682.385091
1474697,1041,97,14.2,101801,-39.39,45.47561232,-122.7568239,612.3200482,682.385091
1475698,1107,107,14.3,101797,-39.89,45.47561232,-122.7568239,612.3200482,682.385091
1476700,1163,116,14.3,101800,-39.97,45.47561232,-122.7568239,612.3200482,682.385091
1477701,1125,110,14.2,101803,-39.48,45.47561232,-122.7568239,612.3200482,682.385091
1478702,1071,102,14.2,101803,-39.39,45.47561232,-122.7568239,612.3200482,682.385091
1479698,961,85,14.2,101795,-39.97,45.47561232,-122.7568239,612.3200482,682.385091
1480699,846,67,14.2,101794,-39.55,45.47561232,-122.7568239,612.3200482,682.385091
1481700,785,58,14.1,101800,-39.72,45.47561232,-122.7568239,612.3200482,682.385091
1482701,733,50,14.1,101803,-39.55,45.47561232,-122.7568239,612.3200482,682.385091
1483703,699,45,14.1,101800,-40.14,45.47561232,-122.7568239,612.3200482,682.385091
1484703,682,42,14.1,101801,-39.23,45.47561232,-122.7568239,612.3200482,682.385091
1485705,706,46,14.1,101808,-39.89,45.47561232,-122.7568239,612.3200482,682.385091
1486705,694,44,14.1,101806,-39.89,45.47561232,-122.7568239,612.3200482,682.385091
1487707,706,46,14.2,101803,-40.38,45.47561232,-122.7568239,612.3200482,682.385091
1488708,768,56,14.2,101803,-40.38,45.47561232,-122.7568239,612.3200482,682.385091
1489710,846,67,14.2,101810,-40.22,45.47561232,-122.7568239,612.3200482,682.385091
1490709,880,73,14.2,101805,-40.38,45.47561232,-122.7568239,612.3200482,682.385091
1491710,846,67,14.2,101809,-39.55,45.47561232,-122.7568239,612.3200482,682.385091
1492711,891,74,14.2,101804,-39.89,45.47561232,-122.7568239,612.3200482,682.385091
1493712,887,74,14.2,101805,-39.55,45.47561232,-122.7568239,612.3200482,682.385091
1494714,846,67,14.2,101805,-40.14,45.47561232,-122.7568239,612.3200482,682.385091
1495715,813,62,14.2,101809,-39.97,45.47561232,-122.7568239,612.3200482,682.385091
1496717,793,59,14.3,101802,-39.48,45.47561232,-122.7568239,612.3200482,682.385091
1497717,749,53,14.3,101803,-40.05,45.47561232,-122.7568239,612.3200482,682.385091
1498719,730,50,14.3,101804,-39.31,45.47561232,-122.7568239,612.3200482,682.385091
1499719,719,48,14.3,101810,-39.55,45.47561232,-122.7568239,612.3200482,682.385091
1500721,706,46,14.3,101808,-40.8,45.47561232,-122.7568239,612.3200482,682.385091
1501721,674,41,14.3,101803,-40.14,45.47561232,-122.7568239,612.3200482,682.385091
1502723,665,40,14.3,101803,-39.72,45.47561232,-122.7568239,612.3200482,682.385091
1503723,643,37,14.3,101807,-39.8,45.47561232,-122.7568239,612.3200482,682.385091
1504724,653,38,14.3,101803,-39.97,45.47561232,-122.7568239,612.3200482,682.385091
1505725,634,35,14.2,101807,-40.3,45.47561232,-122.7568239,612.3200482,682.385091
1506726,634,35,14.2,101798,-39.97,45.47561232,-122.7568239,612.3200482,682.385091
1507727,626,34,14.2,101799,-39.55,45.47561232,-122.7568239,612.3200482,682.385091
1508728,626,34,14.2,101807,-40.38,45.47561232,-122.7568239,612.3200482,682.385091
1509730,614,32,14.2,101805,-40.14,45.47561232,-122.7568239,612.3200482,682.385091
1510730,614,32,14.1,101811,-40.47,45.47561232,-122.7568239,612.3200482,682.385091
1511733,607,31,14.1,101808,-40.55,45.47561232,-122.7568239,612.3200482,682.385091
1512733,597,30,14.1,101807,-40.72,45.47561232,-122.7568239,612.3200482,682.385091
1513735,586,28,14.1,101804,-39.48,45.47561232,-122.7568239,612.3200482,682.385091
1514734,577,26,14.1,101796,-40.14,45.47561232,-122.7568239,612.3200482,682.385091
1515736,572,26,14,101821,-39.39,45.47561232,-122.7568239,612.3200482,682.385091
1516736,548,22,13.9,101804,-39.89,45.47561232,-122.7568239,612.3200482,682.385091
1517737,530,19,13.9,101782,-38.31,45.47561232,-122.7568239,612.3200482,682.385091
1518738,505,15,13.9,101769,-37.73,45.47561232,-122.7568239,612.3200482,682.385091
1519739,495,14,13.9,101752,-35.49,45.47560587,-122.7568183,605.8659828,681.8318854
1520740,478,11,13.9,101738,-33.92,45.47559547,-122.7568135,595.4724229,681.3541169
1521739,461,9,13.9,101714,-31.92,45.47558562,-122.7568078,585.6236866,680.7757656
1522742,444,6,13.8,101684,-30.85,45.4755821,-122.756801,582.1032873,680.0968314
1523741,442,6,13.8,101673,-28.52,45.47557942,-122.7568001,579.4210783,680.0130124
1524743,418,2,13.7,101660,-27.11,45.47557439,-122.7568231,574.3919364,682.3096539
1525743,409,1,13.7,101637,-26.03,45.47557116,-122.7568753,571.1649037,687.5315795
1526745,413,1,13.6,101621,-23.87,45.4755702,-122.7569363,570.2009848,693.6336051
1527745,405,0,13.6,101591,-22.13,45.47557523,-122.7570041,575.2301267,700.4145647
1528747,409,1,13.6,101585,-21.96,45.47559254,-122.757076,592.5387568,707.5978557
1529747,413,1,13.6,101559,-20.46,45.47569853,-122.7571771,698.5279224,717.706431
1530748,405,0,13.5,101530,-17.14,45.47575951,-122.7572003,759.5062679,720.0282181
1531749,402,0,13.5,101553,-18.46,45.47583038,-122.7571958,830.3752592,719.5839773
1532751,402,0,13.5,101530,-17.14,45.47589961,-122.7571522,899.6097794,715.2170057
1533752,405,0,13.6,101519,-16.56,45.475945,-122.7570984,944.9977851,709.8442058
1534753,402,0,13.6,101506,-15.98,45.47597329,-122.7570284,973.2867083,702.8369347
1535755,400,0,13.6,101499,-14.81,45.47597953,-122.7569526,979.5312262,695.2596943
1536755,400,0,13.6,101497,-13.57,45.47597861,-122.756898,978.6092168,689.8030753
1537758,400,0,13.6,101487,-13.23,45.47595703,-122.7568366,957.0258162,683.6591403
1538757,400,0,13.5,101475,-11.74,45.47593113,-122.756775,931.1257354,677.4984414
1539759,400,0,13.4,101469,-11.99,45.47590527,-122.7567171,905.2675641,671.7065464
1540759,400,0,13.4,101467,-11.74,45.47588444,-122.7566519,884.4385347,665.1854257
1541761,400,0,13.4,101477,-12.82,45.47585804,-122.7566032,858.0355397,660.3239218
1542761,405,0,13.3,101487,-13.31,45.47583532,-122.7565597,835.3205821,655.9653322
1543763,411,1,13.3,101497,-14.31,45.4758181,-122.7565327,818.0957711,653.2747413
1544763,414,2,13.3,101514,-16.06,45.47580829,-122.7565068,808.2889444,650.6847332
1545764,411,1,13.3,101511,-17.3,45.47580284,-122.7564991,802.8407073,649.9052162
1546765,411,1,13.3,101530,-16.73,45.47578784,-122.7565187,787.8371007,651.8665815
1547766,417,2,13.2,101511,-16.97,45.4757826,-122.756563,782.5984112,656.3006083
1548768,400,0,13.2,101542,-19.55,45.47577279,-122.7566131,772.7915845,661.3129864
1549768,401,0,13.2,101548,-18.3,45.4757818,-122.7566644,781.8021304,666.4427112
1550770,401,0,13.2,101559,-19.14,45.4757813,-122.7567139,781.2992162,671.388034
1551770,401,0,13.2,101575,-20.96,45.47578495,-122.7567709,784.9453441,677.0877282
1552772,400,0,13.2,101594,-22.46,45.47577753,-122.756834,777.5273598,683.3993013
1553773,400,0,13.2,101609,-24.45,45.47576642,-122.756911,766.4213381,691.1022703
1554774,400,0,13.2,101607,-23.95,45.47575138,-122.7569987,751.3758219,699.869741
1555774,405,0,13.2,101605,-23.2,45.47573076,-122.7570751,730.7563401,707.5056548
1556865,423,3,13.2,101620,-24.54,45.47569698,-122.7571323,696.9772703,713.2304947
1557861,427,4,13.2,101618,-24.28,45.47565075,-122.7571559,650.7510743,715.5858095
1558857,418,2,13.2,101589,-22.37,45.47560561,-122.7571612,605.6145257,716.1222513
1559855,418,2,13.2,101602,-21.96,45.47556048,-122.757171,560.4779771,717.1029339
1560853,433,5,13.2,101603,-22.96,45.47552573,-122.7571686,525.7349885,716.8598587
1561854,436,5,13.2,101603,-23.62,45.47549233,-122.7571653,492.3331043,716.5329645
1562855,447,7,13.2,101603,-23.54,45.47547125,-122.7571689,471.2526179,716.8933864
1563856,443,6,13.2,101599,-22.54,45.47545294,-122.7571796,452.9381594,717.9578881
1564857,447,7,13.1,101585,-21.88,45.4754306,-122.7572058,430.6003875,720.5814237
1565859,451,7,13.2,101592,-22.96,45.47540675,-122.7572207,406.753873,722.0734025
1566860,452,7,13.2,101588,-22.13,45.47538953,-122.757211,389.5290619,721.1011017
1567860,456,8,13.2,101585,-21.46,45.4753806,-122.7571632,380.6023351,716.315035
1568862,452,7,13.2,101593,-21.38,45.47538178,-122.757108,381.7758015,710.7997427
1569862,456,8,13.2,101605,-23.37,45.47539121,-122.7570514,391.2054426,705.1419581
1570864,462,9,13.2,101605,-24.12,45.4754327,-122.7569893,432.6958633,698.9309679
1571864,452,7,13.2,101617,-23.62,45.4754627,-122.7569536,462.7030766,695.3602771
1572866,447,7,13.2,101618,-23.95,45.47546383,-122.7569472,463.8346336,694.7232525
1573867,439,5,13.3,101607,-23.2,45.47545776,-122.7569674,457.7577538,696.7432911
1574867,439,5,13.3,101588,-21.71,45.47546413,-122.7570101,464.1280002,701.0096798
1575868,439,5,13.2,101585,-22.13,45.47546325,-122.7570692,463.2479003,706.9189216
1576869,451,7,13.2,101582,-21.21,45.47546895,-122.7571357,468.9475945,713.5657708
1577870,451,7,13.2,101571,-20.55,45.4754565,-122.7571803,456.5004683,718.0333252
1578871,452,7,13.2,101567,-20.55,45.47544929,-122.7572259,449.2920316,722.5930805
1579873,451,7,13.2,101555,-19.21,45.47546182,-122.7572578,461.8229768,725.7782037
1580873,433,5,13.2,101535,-18.14,45.47545772,-122.7572941,457.7158442,729.4075678
1581875,422,3,13.2,101547,-18.05,45.47546551,-122.7573626,465.5110142,736.2639646
1582875,423,3,13.2,101511,-14.23,45.47545306,-122.7574166,453.063888,741.6619102
1583877,427,4,13.1,101498,-13.81,45.4754363,-122.7574552,436.3000816,745.5175857
1584877,439,5,13.2,101501,-14.4,45.47541941,-122.7574913,419.4105467,749.130186
1585879,447,7,13.2,101489,-13.64,45.4754293,-122.7574546,429.3011925,745.4589124
1586879,443,6,13.2,101474,-12.57,45.47544095,-122.7574336,440.9520379,743.3550547
1587880,439,5,13.2,101463,-12.32,45.47544225,-122.7574258,442.2512329,742.5839196
1588881,436,5,13.2,101463,-11.48,45.47545369,-122.7573947,453.6925307,739.4742335
1589882,436,5,13.2,101467,-11.74,45.47546119,-122.7573879,461.1943341,738.7869174
1590883,433,5,13.2,101456,-10.73,45.47546836,-122.7573784,468.3608613,737.8397624
1591884,423,3,13.2,101459,-11.32,45.47546706,-122.7573802,467.0616663,738.0157823
1592886,427,4,13.1,101457,-10.4,45.47545738,-122.7573653,457.3805681,736.5321855
1593886,422,3,13.1,101455,-10.24,45.47544514,-122.7573559,445.1429895,735.5934123
1594889,423,3,13.1,101448,-10.65,45.47544179,-122.7573506,441.7902282,735.0569705
1595888,433,5,13.1,101442,-10.15,45.47544183,-122.7573368,441.8321377,733.6823384
1596891,423,3,13.1,101439,-9.57,45.47546216,-122.7573129,462.1582529,731.2851141
1597890,418,2,13.2,101445,-10.9,45.47548772,-122.7572569,487.7230576,725.6860028
1598892,418,2,13.2,101462,-11.4,45.47552351,-122.7571849,523.5137841,718.485948
1599892,409,1,13.2,101466,-11.9,45.47557209,-122.7571069,572.086913,710.690778
1600893,413,1,13.3,101471,-11.65,45.47560742,-122.7570216,607.4166349,702.1580006
1601894,409,1,13.3,101472,-12.48,45.47563076,-122.7569301,630.7602352,693.0133442
1602895,413,1,13.3,101477,-12.4,45.47566169,-122.7568509,661.6894579,685.0924457
1603896,416,2,13.3,101482,-13.31,45.47567829,-122.756769,678.2856262,676.9033263
1604897,409,1,13.3,101464,-11.74,45.47567104,-122.7566819,671.03528,668.1945289
1605899,403,0,13.3,101438,-10.15,45.47564765,-122.7566084,647.6497701,660.8352179
1606899,403,0,13.3,101459,-11.57,45.47562686,-122.7565318,626.8626502,653.1825403
1607901,405,0,13.3,101456,-10.82,45.47561161,-122.7564723,611.6075865,647.2313891
1608901,409,1,13.3,101449,-10.82,45.47561831,-122.7564164,618.313109,641.6406597
1609903,409,1,13.3,101460,-11.4,45.47561865,-122.7563674,618.6483851,636.7372463
1610903,400,0,13.3,101430,-9.99,45.47561395,-122.756333,613.9545194,633.300666
1611905,400,0,13.2,101445,-8.9,45.47559903,-122.7562919,599.0347317,629.1935335
1612905,406,0,13.2,101470,-11.82,45.47558571,-122.7562656,585.7075057,626.5616159
1613906,400,0,13.3,101485,-13.48,45.47558856,-122.7562667,588.5573528,626.6705806
1614907,402,0,13.2,101471,-12.06,45.47557934,-122.7562744,579.3372593,627.4417157
1615908,402,0,13.2,101468,-11.65,45.47555696,-122.7562739,556.9575778,627.3914243
1616910,402,0,13.2,101477,-12.65,45.47553663,-122.7562737,536.6314626,627.3746605
1617910,400,0,13.2,101476,-13.4,45.47551643,-122.7562889,516.431076,628.891785
1618912,400,0,13.2,101484,-12.9,45.47549921,-122.7562855,499.2062649,628.5481269
1619912,400,0,13.3,101475,-12.73,45.47548098,-122.7563391,480.9756255,633.912545
1620915,410,1,13.2,101486,-13.23,45.47545059,-122.756353,450.5912265,635.3039409
1621914,406,0,13.3,101481,-13.4,45.47542959,-122.7563554,429.5945591,635.5386342
1622917,403,0,13.3,101474,-12.65,45.47541614,-122.7563509,416.1416045,635.0860114
1623916,403,0,13.2,101459,-11.99,45.47540235,-122.7564264,402.3533738,642.6381062
1624918,400,0,13.2,101450,-10.82,45.47538467,-122.756499,384.6675581,649.8968343
1625918,405,0,13.2,101457,-11.23,45.47538299,-122.7565632,382.9911775,656.3173721
1626919,408,1,13.2,101456,-10.73,45.4753894,-122.7566181,389.4033334,661.8075187
1627920,408,1,13.2,101457,-11.4,45.47538789,-122.7566633,387.8945908,666.3253645
1628921,410,1,13.2,101446,-10.99,45.47537893,-122.7566949,378.9259544,669.485342
1629922,414,2,13.2,101438,-11.65,45.47537398,-122.7567296,373.9806316,672.9554499
1630924,415,2,13.2,101478,-13.15,45.47536757,-122.7567702,367.5684756,677.020673
1631925,414,2,13.2,101477,-12.57,45.47534997,-122.7568002,349.966479,680.0213943
1632925,415,2,13.1,101469,-11.74,45.47532847,-122.75682,328.4668973,681.9995234
1633927,415,2,13.2,101455,-11.48,45.47529641,-122.7568063,296.4061177,680.6332732
1634927,410,1,13.2,101452,-10.24,45.47529041,-122.7567925,290.4130569,679.2502592
1635929,400,0,13.1,101441,-9.32,45.47529041,-122.7567925,290.4130569,679.2502592
1636929,400,0,13.2,101428,-8.32,45.47529783,-122.7566562,297.8310412,665.6212847
1637931,403,0,13.1,101418,-7.57,45.47529783,-122.7566562,297.8310412,665.6212847
1638931,400,0,13.1,101416,-7.83,45.47530282,-122.7565902,302.8182736,659.0247269
1639932,400,0,13.1,101410,-6.83,45.47530894,-122.7565163,308.9370629,651.6318883
1640933,400,0,13.1,101393,-5.58,45.47534448,-122.7564721,344.4763324,647.2062434
1641934,406,0,13.1,101391,-6.33,45.47531719,-122.7563811,317.1932376,638.1118784
1642936,409,1,13,101407,-6.57,45.47529833,-122.7562968,298.3339554,629.6796839
1643937,415,2,13,101400,-5.99,45.47531757,-122.7562255,317.5704232,622.5466843
1644940,415,2,13,101410,-5.99,45.47544745,-122.7562172,447.4480129,621.7168758
1645940,416,2,13,101398,-6.08,45.47544745,-122.7562172,447.4480129,621.7168758
1646941,415,2,13,101390,-5.74,45.47552372,-122.7562413,523.7233317,624.130864
1647941,411,1,13,101385,-5.66,45.47562879,-122.7562807,628.790488,628.0703584
1648943,411,1,13,101391,-5.83,45.47566638,-122.7563123,666.3833237,631.2303359
1649943,409,1,13,101397,-5.5,45.47566638,-122.7563123,666.3833237,631.2303359
1650945,409,1,12.9,101377,-4.75,45.47568742,-122.7563661,687.4219007,636.6115178
1651946,400,0,12.9,101350,-2.25,45.4757075,-122.7564123,707.4965588,641.2299464
1652946,411,1,12.9,101352,-3.08,45.47573826,-122.756527,738.2581434,652.69639
1653947,432,4,12.9,101367,-3.67,45.47576734,-122.7567152,767.3433474,671.5221445
1654948,436,5,12.9,101373,-4.91,45.47576734,-122.7567152,767.3433474,671.5221445
1655949,424,3,12.9,101377,-3.92,45.47577723,-122.7567912,777.2339931,679.1161488
1656951,424,3,12.9,101376,-4.25,45.47580414,-122.756991,804.1399023,699.0986059
1657952,418,2,12.9,101364,-3.75,45.47580414,-122.756991,804.1399023,699.0986059
1658952,409,1,12.9,101379,-4.33,45.47583549,-122.7571538,835.4882202,715.3762619
1659954,424,3,12.9,101377,-4.33,45.47583549,-122.7571538,835.4882202,715.3762619
1660954,420,3,12.9,101403,-6.41,45.47585208,-122.7572088,852.0843885,720.8831723
1661956,427,4,12.9,101406,-6.99,45.47590317,-122.7572346,903.1720883,723.4647984
1662957,427,4,12.9,101398,-5.99,45.47590317,-122.7572346,903.1720883,723.4647984
1663959,427,4,12.9,101391,-6.25,45.47591704,-122.7572212,917.044138,722.115312
1664958,420,3,12.9,101381,-4.83,45.47590883,-122.7571765,908.8298729,717.6477576
1665959,415,2,12.9,101375,-4.75,45.47591679,-122.7571311,916.7926809,713.113148
1666960,402,0,12.9,101374,-4.5,45.47594332,-122.7569817,943.3214045,698.1682147
1667961,400,0,12.9,101377,-4.83,45.47593758,-122.7568969,937.5798008,689.6857287
1668962,400,0,12.9,101351,-2.25,45.47593758,-122.7568969,937.5798008,689.6857287
1669963,400,0,12.9,101358,-2.83,45.47591721,-122.7566959,917.2117761,669.5943068
1670965,417,2,12.9,101368,-2.67,45.47591721,-122.7566959,917.2117761,669.5943068
1671965,424,3,12.9,101368,-3.67,45.47590045,-122.7565892,900.4479698,658.9157621
1672967,459,8,12.9,101400,-5.74,45.4758655,-122.7564457,865.4954335,644.5659439
1673969,470,10,12.9,101391,-5.25,45.4758655,-122.7564457,865.4954335,644.5659439
1674969,462,9,12.9,101391,-5.83,45.47591973,-122.7564043,919.7263471,640.4252837
1675971,477,11,12.9,101405,-6.74,45.47591973,-122.7564043,919.7263471,640.4252837
1676973,470,10,12.9,101388,-4.91,45.47598117,-122.7564535,981.1656973,645.3454609
1677973,470,10,12.9,101389,-5.33,45.47600878,-122.756492,1008.784068,649.2011363
1678974,475,11,12.9,101361,-3.75,45.47600878,-122.756492,1008.784068,649.2011363
1679975,481,12,12.9,101379,-5.33,45.47603443,-122.7565671,1034.432692,656.7113216
1680976,482,12,12.9,101382,-4.99,45.47605648,-122.7566247,1056.477097,662.4696891
1681978,486,13,12.9,101386,-5.16,45.47607806,-122.7567984,1078.060498,679.8369924
1682979,477,11,12.9,101392,-6.49,45.47607806,-122.7567984,1078.060498,679.8369924
1683981,477,11,12.9,101407,-6.33,45.47606243,-122.7569558,1062.428249,695.5782066
1684981,482,12,12.9,101425,-8.9,45.47606243,-122.7569558,1062.428249,695.5782066
1685983,481,12,12.9,101433,-8.32,45.47602316,-122.7570481,1023.159032,704.806682
1686983,486,13,12.9,101470,-12.06,45.47602316,-122.7570481,1023.159032,704.806682
1687985,486,13,12.9,101472,-12.48,45.47602324,-122.7570952,1023.242851,709.5173116
1688985,486,13,12.9,101511,-16.22,45.47602324,-122.7570952,1023.242851,709.5173116
1689987,486,13,12.9,101529,-16.06,45.47602266,-122.7571041,1022.656118,710.4141752
1690987,486,13,12.9,101538,-18.3,45.47602266,-122.7571041,1022.656118,710.4141752
1691988,486,13,12.9,101565,-19.47,45.47603502,-122.7571281,1035.019425,712.8113995
1692989,486,13,12.9,101576,-20.88,45.47603502,-122.7571281,1035.019425,712.8113995
1693990,492,14,12.9,101573,-21.29,45.4760452,-122.7570778,1045.203437,707.7822576
1694991,477,11,12.9,101558,-19.55,45.4760452,-122.7570778,1045.203437,707.7822576
1695990,459,8,12.9,101550,-19.21,45.47606205,-122.7570006,1062.051063,700.0625248
1696992,463,9,12.9,101539,-18.14,45.47603938,-122.7569031,1039.378015,690.3059895
1697992,459,8,12.9,101546,-18.14,45.4760556,-122.7566724,1055.596997,667.238992
1698995,450,7,12.9,101541,-17.8,45.4760556,-122.7566724,1055.596997,667.238992
1699994,462,9,12.9,101561,-20.13,45.47602077,-122.7564666,1020.77019,646.6614197
1700996,459,8,12.9,101564,-20.46,45.47602077,-122.7564666,1020.77019,646.6614197
1701998,470,10,13,101584,-21.79,45.47598536,-122.7563919,985.3566489,639.193144
1703000,481,12,13,101590,-22.62,45.47595518,-122.7563353,955.1817975,633.5269774
1704000,482,12,13,101604,-23.12,45.47585577,-122.7563477,855.7724259,634.7674991
1705001,475,11,13,101607,-23.37,45.47585577,-122.7563477,855.7724259,634.7674991
1706002,470,10,13.1,101596,-22.21,45.47578847,-122.7564821,788.4657434,648.2120718
1707003,475,11,13.1,101589,-22.71,45.47578847,-122.7564821,788.4657434,648.2120718
1708004,475,11,13,101605,-22.87,45.47575351,-122.7566727,753.5132072,667.2725196
1709005,481,12,13,101585,-21.29,45.47575351,-122.7566727,753.5132072,667.2725196
1710007,482,12,13,101571,-20.88,45.47571429,-122.7568537,714.2859003,685.3690485
1711007,492,14,13,101613,-24.2,45.47571429,-122.7568537,714.2859003,685.3690485
1712009,493,14,13,101607,-23.45,45.47571621,-122.7570241,716.2137381,702.4094577
1713009,492,14,13,101653,-27.03,45.47571621,-122.7570241,716.2137381,702.4094577
1714011,493,14,13,101687,-29.51,45.47574199,-122.7570715,741.9880903,707.145233
1715011,492,14,13,101696,-31.26,45.47574199,-122.7570715,741.9880903,707.145233
1716013,492,14,13,101694,-31.01,45.47574199,-122.7570715,741.9880903,707.145233
1717013,493,14,13,101693,-30.76,45.47574199,-122.7570715,741.9880903,707.145233
1718016,493,14,13,101693,-30.43,45.47574199,-122.7570715,741.9880903,707.145233
1719016,493,14,13.1,101697,-30.85,45.47574199,-122.7570715,741.9880903,707.145233
1720016,501,15,13.1,101697,-31.51,45.47574199,-122.7570715,741.9880903,707.145233
1721018,497,14,13.1,101698,-30.43,45.47574199,-122.7570715,741.9880903,707.145233
1722019,497,14,13.1,101688,-30.01,45.47574199,-122.7570715,741.9880903,707.145233
1723021,493,14,13.1,101698,-30.68,45.47574199,-122.7570715,741.9880903,707.145233
1724021,497,14,13.1,101702,-31.01,45.47575347,-122.7570701,753.4712977,707.0111225
1725023,497,14,13.1,101699,-30.68,45.47575347,-122.7570701,753.4712977,707.0111225
1726023,497,14,13.1,101685,-30.01,45.47575347,-122.7570701,753.4712977,707.0111225
1727025,497,14,13.1,101694,-31.68,45.47575347,-122.7570701,753.4712977,707.0111225
1728025,497,14,13.1,101694,-30.76,45.47575347,-122.7570701,753.4712977,707.0111225
1729027,497,14,13.1,101694,-30.43,45.47575347,-122.7570701,753.4712977,707.0111225
1730027,493,14,13.1,101691,-30.18,45.47575347,-122.7570701,753.4712977,707.0111225
1731030,493,14,13.1,101679,-29.19,45.47574962,-122.7570887,749.6156222,708.871905
1732030,493,14,13.1,101689,-30.34,45.47574962,-122.7570887,749.6156222,708.871905
1733031,493,14,13.1,101692,-30.51,45.47574869,-122.7570959,748.6936128,709.5927487
1734031,493,14,13,101680,-31.09,45.47575993,-122.7570932,759.9253631,709.3245278
1735033,492,14,13,101677,-29.27,45.47575993,-122.7570932,759.9253631,709.3245278
1736034,477,11,13,101683,-30.01,45.47576156,-122.7571093,761.5598342,710.9338532
1737034,481,12,13,101666,-28.85,45.47576156,-122.7571093,761.5598342,710.9338532
1738036,482,12,13,101663,-27.85,45.47574517,-122.7571438,745.1732135,714.3788154
1739036,477,11,13,101663,-28.94,45.47574517,-122.7571438,745.1732135,714.3788154
1740038,475,11,13.1,101665,-28.27,45.47566169,-122.7571196,661.6894579,711.9564454
1741038,470,10,13.1,101661,-28.35,45.47566169,-122.7571196,661.6894579,711.9564454
1742038,462,9,13.1,101661,-28.27,45.47555796,-122.757048,557.9634062,704.7983001
1743040,475,11,13.1,101649,-27.19,45.47555796,-122.757048,557.9634062,704.7983001
1744041,470,10,13.1,101652,-26.78,45.47547343,-122.7569493,473.4319127,694.9328
1745042,477,11,13.1,101642,-26.27,45.4754337,-122.7569497,433.7016917,694.9747096
1746043,481,12,13.1,101645,-26.27,45.4754337,-122.7569497,433.7016917,694.9747096
1747044,477,11,13.2,101645,-26.36,45.4754039,-122.7569996,403.9040259,699.9619419
1748045,477,11,13.2,101648,-26.53,45.4754003,-122.7570395,400.2998075,703.9517279
1749047,481,12,13.2,101645,-26.61,45.4754003,-122.7570395,400.2998075,703.9517279
1750048,477,11,13.2,101663,-27.85,45.4753793,-122.7571211,379.3031401,712.1073196
1751049,492,14,13.2,101656,-27.85,45.4753793,-122.7571211,379.3031401,712.1073196
1752049,486,13,13.2,101657,-27.69,45.47537008,-122.7571886,370.0830466,718.8631336
1753051,482,12,13.2,101653,-28.19,45.47537008,-122.7571886,370.0830466,718.8631336
1754051,477,11,13.2,101679,-29.27,45.47536334,-122.7572539,363.3356145,725.3926362
1755053,481,12,13.2,101671,-28.6,45.47536334,-122.7572539,363.3356145,725.3926362
1756053,481,12,13.2,101649,-28.19,45.47535852,-122.7573254,358.5160202,732.5423996
1757054,497,14,13.2,101655,-28.19,45.47535852,-122.7573254,358.5160202,732.5423996
1758055,508,16,13.1,101663,-27.85,45.47533966,-122.7573783,339.6567381,737.8313805
1759056,508,16,13.2,101663,-28.19,45.47533966,-122.7573783,339.6567381,737.8313805
1760058,503,15,13.2,101674,-28.35,45.47532214,-122.7573773,322.1385604,737.7307976
1761059,503,15,13.2,101673,-28.27,45.47532214,-122.7573773,322.1385604,737.7307976
1762061,508,16,13.2,101655,-27.77,45.47531615,-122.7573448,316.1454997,734.4786192
1763061,508,16,13.2,101652,-27.94,45.47531615,-122.7573448,316.1454997,734.4786192
1764064,519,18,13.2,101644,-26.94,45.47531757,-122.7572319,317.5704232,723.1881956
1765064,519,18,13.3,101645,-26.53,45.47531757,-122.7572319,317.5704232,723.1881956
1766066,529,19,13.3,101649,-26.44,45.47532516,-122.7572223,325.1560456,722.2326587
1767066,514,17,13.3,101638,-27.11,45.47532516,-122.7572223,325.1560456,722.2326587
1768068,519,18,13.3,101631,-25.45,45.47531698,-122.7572211,316.98369,722.1069301
1769067,514,17,13.3,101632,-25.37,45.47531698,-122.7572211,316.98369,722.1069301
1770068,519,18,13.3,101633,-25.11,45.47531698,-122.7572211,316.98369,722.1069301
1771069,519,18,13.4,101629,-25.45,45.47531698,-122.7572211,316.98369,722.1069301
1772070,508,16,13.4,101626,-24.7,45.47531698,-122.7572211,316.98369,722.1069301
1773071,503,15,13.4,101622,-25.03,45.47531698,-122.7572211,316.98369,722.1069301
1774072,501,15,13.4,101625,-24.86,45.47531698,-122.7572211,316.98369,722.1069301
1775074,493,14,13.4,101627,-24.2,45.47531698,-122.7572211,316.98369,722.1069301
1776074,492,14,13.4,101630,-25.11,45.47531698,-122.7572211,316.98369,722.1069301
1777076,497,14,13.4,101627,-25.11,45.47531698,-122.7572211,316.98369,722.1069301
1778164,501,15,13.5,101624,-25.11,45.47531698,-122.7572211,316.98369,722.1069301
1779162,493,14,13.5,101629,-25.2,45.47531698,-122.7572211,316.98369,722.1069301
1780158,501,15,13.5,101625,-24.7,45.47531698,-122.7572211,316.98369,722.1069301
1781155,508,16,13.5,101621,-25.28,45.47531698,-122.7572211,316.98369,722.1069301
1782155,501,15,13.5,101620,-25.61,45.47531698,-122.7572211,316.98369,722.1069301
1783155,508,16,13.5,101620,-24.54,45.47531698,-122.7572211,316.98369,722.1069301
1784157,503,15,13.5,101609,-23.45,45.47529867,-122.757262,298.6692316,726.1972989
1785157,497,14,13.5,101606,-24.54,45.47529867,-122.757262,298.6692316,726.1972989
1786159,493,14,13.5,101622,-26.44,45.47525772,-122.7573377,257.7236346,733.7661574
1787159,501,15,13.5,101641,-26.11,45.47525772,-122.7573377,257.7236346,733.7661574
1788161,493,14,13.4,101634,-25.61,45.47521933,-122.7573923,219.334518,739.2311583
1789162,493,14,13.4,101645,-26.53,45.47521933,-122.7573923,219.334518,739.2311583
1790163,492,14,13.4,101638,-26.78,45.47519046,-122.7574751,190.4588616,747.5124786
1791163,497,14,13.4,101644,-27.11,45.47519046,-122.7574751,190.4588616,747.5124786
1792165,492,14,13.4,101668,-28.27,45.4751703,-122.7575443,170.3003845,754.4275488
1793167,481,12,13.4,101655,-27.69,45.4751703,-122.7575443,170.3003845,754.4275488
1794167,486,13,13.3,101651,-27.03,45.47515706,-122.7575978,157.0569775,759.7835849
1795168,497,14,13.3,101661,-28.1,45.4751343,-122.757674,134.3001104,767.4027349
1796168,503,15,13.3,101658,-27.36,45.4751343,-122.757674,134.3001104,767.4027349
1797170,501,15,13.3,101639,-26.69,45.47515257,-122.7576956,152.5726593,769.556884
1798170,497,14,13.2,101627,-25.2,45.47515756,-122.7577124,157.5598917,771.2416465
1799172,508,16,13.2,101627,-25.86,45.47515756,-122.7577124,157.5598917,771.2416465
1800173,508,16,13.2,101632,-25.2,45.4751581,-122.7577121,158.1047154,771.2081189
1801174,508,16,13.3,101632,-25.61,45.4751581,-122.7577121,158.1047154,771.2081189
1802174,501,15,13.3,101634,-25.11,45.4751581,-122.7577121,158.1047154,771.2081189
1803175,497,14,13.3,101635,-26.2,45.47517126,-122.7577171,171.2643034,771.7110331
1804176,492,14,13.3,101642,-26.03,45.47517575,-122.7577566,175.7486216,775.6589095
1805178,481,12,13.4,101647,-27.11,45.47517575,-122.7577566,175.7486216,775.6589095
1806179,492,14,13.3,101625,-24.62,45.47515689,-122.7577874,156.8893394,778.735068
1807180,493,14,13.4,101627,-24.95,45.47515689,-122.7577874,156.8893394,778.735068
1808182,493,14,13.3,101619,-23.95,45.47515039,-122.7578012,150.3933645,780.118082
1809182,492,14,13.3,101622,-23.95,45.47515039,-122.7578012,150.3933645,780.118082
1810183,482,12,13.3,101617,-24.37,45.47514842,-122.7578244,148.4236172,782.4398692
1811183,486,13,13.3,101624,-24.86,45.47514842,-122.7578244,148.4236172,782.4398692
1812185,493,14,13.4,101622,-24.62,45.47514897,-122.7578345,148.9684409,783.4540794
1813185,492,14,13.3,101615,-24.03,45.47514897,-122.7578345,148.9684409,783.4540794
1814187,492,14,13.4,101617,-23.37,45.47515073,-122.7577797,150.7286406,777.9723148
1815188,481,12,13.3,101597,-22.46,45.47515073,-122.7577797,150.7286406,777.9723148
1816189,482,12,13.3,101596,-23.12,45.47517483,-122.7576665,174.8266122,766.6483636
1817189,503,15,13.4,101599,-23.29,45.47522591,-122.7574931,225.914312,749.3062059
1818190,519,18,13.4,101614,-24.28,45.47522591,-122.7574931,225.914312,749.3062059
1819192,519,18,13.4,101636,-25.53,45.47521208,-122.7573219,212.0841718,732.1903596
1820192,529,19,13.4,101616,-24.54,45.47521208,-122.7573219,212.0841718,732.1903596
1821194,531,19,13.4,101605,-23.54,45.47518392,-122.7571902,183.9209771,719.0223898
1822194,536,20,13.4,101601,-23.87,45.47518392,-122.7571902,183.9209771,719.0223898
1823196,543,21,13.5,101607,-23.54,45.47519373,-122.7570875,193.7278039,708.7545584
1824196,543,21,13.6,101641,-26.03,45.47519373,-122.7570875,193.7278039,708.7545584
1825198,536,20,13.6,101627,-25.11,45.47519884,-122.7570401,198.8407648,704.0104012
1826198,536,20,13.6,101623,-24.86,45.47519884,-122.7570401,198.8407648,704.0104012
1827200,537,20,13.6,101612,-24.54,45.47521112,-122.7569955,211.1202529,699.5512287
1828198,452,7,13.5,101617,-23.87,45.47523153,-122.7568679,231.5301872,686.7855902
1829201,537,20,13.4,101596,-23.12,45.47523153,-122.7568679,231.5301872,686.7855902
1830202,650,38,13.3,101591,-22.04,45.47526321,-122.7567402,263.2137811,674.0199516
1831203,704,46,13.4,101587,-22.71,45.47526321,-122.7567402,263.2137811,674.0199516
1832205,672,41,13.4,101597,-22.37,45.47530139,-122.7565975,301.3933501,659.7539524
1833206,611,32,13.2,101561,-20.63,45.47530139,-122.7565975,301.3933501,659.7539524
1834208,605,31,13.2,101563,-19.55,45.47533186,-122.7564878,331.8615681,648.7820412
1835207,611,32,13.3,101589,-21.29,45.47533186,-122.7564878,331.8615681,648.7820412
1836209,605,31,13.3,101551,-18.8,45.47532641,-122.7564699,326.4133311,646.9883139
1837209,600,30,13.4,101559,-19.55,45.47532641,-122.7564699,326.4133311,646.9883139
1838211,605,31,13.4,101537,-17.8,45.47530307,-122.7564726,303.0697307,647.2649167
1839211,581,27,13.4,101551,-19.47,45.47530307,-122.7564726,303.0697307,647.2649167
1840212,572,26,13.4,101539,-18.55,45.47526506,-122.7565547,265.0577998,655.4707999
1841213,555,23,13.4,101551,-20.21,45.47526506,-122.7565547,265.0577998,655.4707999
1842214,543,21,13.4,101549,-17.56,45.47525492,-122.756671,254.915697,667.1048815
1843215,543,21,13.3,101527,-16.8,45.47525492,-122.756671,254.915697,667.1048815
1844217,572,26,13.3,101525,-17.39,45.47525655,-122.7567957,256.5501681,679.5687715
1845218,638,36,13.3,101532,-17.05,45.47525655,-122.7567957,256.5501681,679.5687715
1846218,650,38,13.4,101554,-19.63,45.47524507,-122.7569171,245.0669608,691.7057673
1847220,650,38,13.3,101545,-18.97,45.47524507,-122.7569171,245.0669608,691.7057673
1848220,617,33,13.3,101559,-19.63,45.47523681,-122.7569648,236.8107862,696.4834521
1849222,605,31,13.3,101563,-19.63,45.47523681,-122.7569648,236.8107862,696.4834521
1850222,592,29,13.3,101568,-20.3,45.47523451,-122.7570053,234.5057628,700.5319114
1851224,581,27,13.3,101555,-18.89,45.47523451,-122.7570053,234.5057628,700.5319114
1852224,574,26,13.3,101549,-18.46,45.47523011,-122.7570843,230.1052636,708.4276641
1853227,561,24,13.3,101547,-17.8,45.47523011,-122.7570843,230.1052636,708.4276641
1854227,543,21,13.3,101535,-17.97,45.47522256,-122.7571942,222.5615508,719.4163392
1855227,536,20,13.3,101541,-17.72,45.47522256,-122.7571942,222.5615508,719.4163392
1856228,529,19,13.3,101533,-18.63,45.47520701,-122.7573064,207.0131204,730.6397076
1857230,508,16,13.3,101528,-16.8,45.47520701,-122.7573064,207.0131204,730.6397076
1858232,524,18,13.2,101541,-17.63,45.47518811,-122.757383,188.1119287,738.3007671
1859231,519,18,13.2,101542,-17.39,45.47518811,-122.757383,188.1119287,738.3007671
1860233,508,16,13.2,101519,-15.81,45.47517152,-122.7574149,171.5157605,741.4858903
1861233,508,16,13.2,101520,-17.3,45.47515098,-122.7574849,150.9800977,748.4931613
1862235,501,15,13.2,101520,-16.56,45.47515098,-122.7574849,150.9800977,748.4931613
1863235,501,15,13.3,101513,-15.98,45.47514369,-122.7575455,143.6878419,754.5532773
1864237,501,15,13.3,101519,-15.64,45.47514369,-122.7575455,143.6878419,754.5532773
1865237,503,15,13.3,101512,-15.48,45.47514197,-122.7576219,141.9695518,762.1891911
1866238,497,14,13.3,101521,-16.39,45.47514197,-122.7576219,141.9695518,762.1891911
1867239,497,14,13.3,101515,-16.8,45.47513677,-122.7576854,136.7727718,768.5426737
1868240,493,14,13.3,101519,-16.73,45.47513677,-122.7576854,136.7727718,768.5426737
1869242,497,14,13.3,101524,-16.64,45.47512961,-122.7576998,129.6062446,769.9759791
1870243,493,14,13.3,101511,-15.56,45.47512961,-122.7576998,129.6062446,769.9759791
1871245,503,15,13.3,101523,-16.22,45.47512454,-122.7576991,124.5351932,769.9089239
1872245,503,15,13.3,101532,-17.39,45.47512454,-122.7576991,124.5351932,769.9089239
1873247,503,15,13.3,101540,-18.22,45.47512818,-122.7576939,128.1813211,769.3892459
1874247,501,15,13.3,101561,-20.55,45.47512818,-122.7576939,128.1813211,769.3892459
1875249,493,14,13.3,101589,-22.04,45.47512889,-122.7576877,128.8937828,768.7689851
1876249,501,15,13.4,101607,-23.54,45.47512889,-122.7576877,128.8937828,768.7689851
1877251,501,15,13.4,101627,-25.28,45.47512684,-122.7576868,126.8402165,768.6767841
1878252,503,15,13.4,101635,-26.27,45.47512684,-122.7576868,126.8402165,768.6767841
1879252,501,15,13.4,101647,-27.03,45.47512684,-122.7576868,126.8402165,768.6767841
1880253,503,15,13.4,101649,-28.02,45.47512684,-122.7576868,126.8402165,768.6767841
1881254,508,16,13.4,101654,-28.35,45.47512684,-122.7576868,126.8402165,768.6767841
1882255,503,15,13.4,101665,-28.27,45.47512684,-122.7576868,126.8402165,768.6767841
1883257,508,16,13.4,101669,-28.85,45.47512684,-122.7576868,126.8402165,768.6767841
1884258,514,17,13.5,101672,-28.77,45.47512684,-122.7576868,126.8402165,768.6767841
1885258,514,17,13.5,101682,-28.94,45.47512684,-122.7576868,126.8402165,768.6767841
1886260,519,18,13.5,101672,-29.02,45.47512604,-122.7576874,126.0439357,768.7354575
1887260,529,19,13.4,101673,-29.1,45.47512604,-122.7576874,126.0439357,768.7354575
1888262,529,19,13.4,101670,-28.52,45.47508573,-122.7576915,85.7269815,769.1461707
1889262,524,18,13.4,101675,-28.94,45.47508573,-122.7576915,85.7269815,769.1461707
1890265,531,19,13.4,101683,-29.68,45.47507248,-122.7576893,72.4835745,768.9282412
1891265,537,20,13.4,101681,-29.68,45.47507009,-122.7576994,70.0947321,769.9424515
1892267,531,19,13.4,101675,-29.51,45.47507009,-122.7576994,70.0947321,769.9424515
1893266,537,20,13.4,101682,-29.19,45.47505325,-122.7577082,53.2471067,770.8225514
1894268,536,20,13.4,101682,-29.85,45.47505325,-122.7577082,53.2471067,770.8225514
1895269,537,20,13.4,101682,-29.93,45.47505295,-122.7577119,52.9537401,771.1913551
1896269,537,20,13.3,101679,-29.51,45.47505861,-122.7577129,58.6115247,771.2919379
1897271,537,20,13.4,101682,-30.34,45.47505861,-122.7577129,58.6115247,771.2919379
1898271,531,19,13.4,101677,-29.93,45.47507265,-122.7577136,72.6512125,771.3589932
1899273,531,19,13.4,101682,-29.35,45.47507265,-122.7577136,72.6512125,771.3589932
1900274,529,19,13.3,101676,-29.68,45.47508845,-122.7577033,88.4511,770.3280191
1901275,537,20,13.3,101677,-28.94,45.47508845,-122.7577033,88.4511,770.3280191
1902275,537,20,13.3,101672,-29.19,45.47509478,-122.7576913,94.7794369,769.1294069
1903277,548,22,13.4,101677,-29.35,45.47509478,-122.7576913,94.7794369,769.1294069
1904277,543,21,13.4,101679,-29.02,45.47510765,-122.7576589,107.6456583,765.8856104
1905278,536,20,13.3,101673,-28.44,45.47510765,-122.7576589,107.6456583,765.8856104
1906279,524,18,13.3,101667,-28.44,45.47513753,-122.7575098,137.5271431,750.9825866
1907281,524,18,13.3,101670,-28.68,45.47513753,-122.7575098,137.5271431,750.9825866
1908283,524,18,13.3,101670,-28.6,45.47514868,-122.7573727,148.6750743,737.269793
1909283,519,18,13.3,101678,-29.68,45.47515601,-122.7573234,156.0092396,732.3412339
1910285,524,18,13.3,101680,-29.43,45.47515601,-122.7573234,156.0092396,732.3412339
1911285,529,19,13.3,101675,-29.19,45.47517684,-122.7572352,176.838269,723.5234718
1912287,531,19,13.3,101671,-28.1,45.47517684,-122.7572352,176.838269,723.5234718
1913287,531,19,13.3,101657,-26.94,45.4751812,-122.7571487,181.1968586,714.8733477
1914289,543,21,13.3,101655,-27.85,45.47517302,-122.7571294,173.024503,712.9371281
1915289,543,21,13.3,101657,-27.27,45.47517302,-122.7571294,173.024503,712.9371281
1916291,543,21,13.4,101659,-27.85,45.47516439,-122.7571059,164.3911428,710.5901952
1917291,536,20,13.4,101661,-27.69,45.47516439,-122.7571059,164.3911428,710.5901952
1918292,529,19,13.4,101655,-26.69,45.47517784,-122.7571285,177.8440973,712.853309
1919293,524,18,13.4,101645,-25.86,45.47517784,-122.7571285,177.8440973,712.853309
1920294,514,17,13.4,101640,-26.2,45.4752089,-122.7571504,208.8990486,715.0409858
1921295,503,15,13.4,101669,-28.44,45.4752089,-122.7571504,208.8990486,715.0409858
1922296,503,15,13.4,101660,-27.94,45.47523761,-122.7571705,237.607067,717.0526425
1923298,501,15,13.4,101666,-27.61,45.47523761,-122.7571705,237.607067,717.0526425
1924298,493,14,13.4,101658,-27.85,45.47526229,-122.7571856,262.2917718,718.5613851
1925300,497,14,13.4,101656,-28.19,45.47526229,-122.7571856,262.2917718,718.5613851
1926301,493,14,13.3,101637,-25.53,45.47529863,-122.7571912,298.627322,719.1229726
1927303,503,15,13.4,101629,-26.2,45.47529863,-122.7571912,298.627322,719.1229726
1928303,503,15,13.4,101622,-24.86,45.47532356,-122.7571512,323.563484,715.1164229
1929304,508,16,13.4,101616,-24.54,45.47532356,-122.7571512,323.563484,715.1164229
1930304,503,15,13.4,101607,-23.2,45.47530998,-122.7570716,309.9848008,707.1619968
1931305,501,15,13.5,101607,-24.28,45.47530998,-122.7570716,309.9848008,707.1619968
1932306,503,15,13.5,101617,-24.95,45.47528668,-122.7569955,286.68311,699.5512287
1933307,514,17,13.5,101601,-23.45,45.47528668,-122.7569955,286.68311,699.5512287
1934309,529,19,13.6,101606,-23.54,45.47527918,-122.7569581,279.1813067,695.8128999
1935310,543,21,13.6,101600,-22.54,45.47527918,-122.7569581,279.1813067,695.8128999
1936311,552,23,13.6,101599,-23.04,45.47529154,-122.7569627,291.5446139,696.2739046
1937311,555,23,13.7,101603,-23.12,45.47529154,-122.7569627,291.5446139,696.2739046
1938313,561,24,13.7,101600,-22.79,45.4752941,-122.7569706,294.1010943,697.0618034
1939313,561,24,13.7,101604,-23.54,45.4752941,-122.7569706,294.1010943,697.0618034
1940315,567,25,13.8,101599,-23.45,45.4752941,-122.7569706,294.1010943,697.0618034
1941315,567,25,13.8,101596,-22.79,45.4752941,-122.7569706,294.1010943,697.0618034
1942317,574,26,13.8,101605,-23.12,45.4752941,-122.7569706,294.1010943,697.0618034
1943317,581,27,13.8,101608,-24.03,45.47529079,-122.7569808,290.7902426,698.0843956
1944318,605,31,13.8,101597,-23.04,45.47529079,-122.7569808,290.7902426,698.0843956
1945319,600,30,13.9,101594,-22.54,45.47529079,-122.7569808,290.7902426,698.0843956
1946320,605,31,13.9,101597,-22.29,45.47529791,-122.7569613,297.9148603,696.1314122
1947322,617,33,13.9,101595,-22.87,45.47529791,-122.7569613,297.9148603,696.1314122
1948323,624,34,13.9,101595,-22.29,45.47529372,-122.756928,293.7239087,692.7954147
1949326,617,33,13.9,101605,-22.87,45.47529372,-122.756928,293.7239087,692.7954147
1950326,605,31,13.9,101605,-23.54,45.47529779,-122.7569461,297.7891317,694.6142877
1951328,600,30,13.9,101601,-22.71,45.47530022,-122.757038,300.2198836,703.8008536
1952328,574,26,13.9,101597,-22.29,45.47530022,-122.757038,300.2198836,703.8008536
1953329,574,26,13.8,101590,-22.62,45.47530361,-122.757116,303.6145544,711.5960235
1954329,574,26,13.8,101603,-22.87,45.47530361,-122.757116,303.6145544,711.5960235
1955331,574,26,13.9,101598,-23.2,45.47530441,-122.7571351,304.4108352,713.5070975
1956331,555,23,13.8,101592,-22.71,45.47532415,-122.7571795,324.1502172,717.9495062
1957332,561,24,13.8,101596,-22.62,45.47532415,-122.7571795,324.1502172,717.9495062
1958333,555,23,13.8,101609,-22.87,45.47537256,-122.7571734,372.555708,717.3376272
1959334,552,23,13.8,101600,-22.04,45.47537256,-122.7571734,372.555708,717.3376272
1960335,543,21,13.8,101599,-23.04,45.4753977,-122.7571434,397.7014175,714.3369059
1961336,548,22,13.8,101605,-22.87,45.4753977,-122.7571434,397.7014175,714.3369059
1962338,537,20,13.9,101588,-22.21,45.47539456,-122.7571248,394.5582038,712.4761234
1963338,537,20,13.9,101598,-23.54,45.47539125,-122.757107,391.2473521,710.6991599
1964340,548,22,13.9,101605,-23.45,45.4753863,-122.7570847,386.3020292,708.4695737
1965341,555,23,13.9,101595,-23.04,45.4753863,-122.7570847,386.3020292,708.4695737
1966343,561,24,14,101623,-25.45,45.47538035,-122.7570207,380.350878,702.0741815
1967342,561,24,13.9,101618,-24.45,45.47538324,-122.7569697,383.2426346,696.9696025
1968344,574,26,13.9,101616,-24.2,45.47537394,-122.7569777,373.938722,697.7742652
1969344,574,26,13.9,101604,-23.95,45.47536786,-122.756947,367.8618422,694.6981068
1970345,578,27,13.8,101622,-24.62,45.47536229,-122.7569288,362.2878766,692.8792338
1971346,588,28,13.8,101636,-26.2,45.47536229,-122.7569288,362.2878766,692.8792338
1972347,600,30,13.8,101650,-26.36,45.47536292,-122.7569214,362.9165194,692.1416263
1973348,600,30,13.8,101644,-26.94,45.47535307,-122.7568941,353.0677831,689.4091259
1974349,605,31,13.8,101648,-26.61,45.47534787,-122.7568772,347.8710032,687.7243633
1975351,592,29,13.8,101647,-27.03,45.47535076,-122.7568589,350.7627598,685.8887265
1976351,588,28,13.8,101643,-26.78,45.4753485,-122.7568476,348.4996459,684.7571696
1977353,574,26,13.8,101650,-27.19,45.4753581,-122.756825,358.096925,682.5024376
1978353,567,25,13.8,101649,-27.19,45.47537168,-122.756799,371.6756082,679.9040477
1979355,552,23,13.8,101639,-26.03,45.47538685,-122.7567804,386.8468529,678.0432652
1980355,543,21,13.7,101624,-25.28,45.47540914,-122.7567767,409.1427154,677.6660795
1981358,537,20,13.7,101597,-22.96,45.47543488,-122.7567822,434.8751581,678.2192851
1982358,536,20,13.7,101580,-21.54,45.47546157,-122.7567852,461.5715197,678.5210336
1983358,536,20,13.7,101589,-21.38,45.47546547,-122.7567695,465.4691047,676.9536177
1984359,531,19,13.7,101566,-20.38,45.4754772,-122.7567661,477.2037691,676.6099597
1985360,531,19,13.8,101568,-20.96,45.47549045,-122.756775,490.4471761,677.4984414
1986362,536,20,13.8,101574,-20.3,45.47550109,-122.7567768,501.0921932,677.6828433
1987363,529,19,13.8,101567,-20.79,45.47553567,-122.7568077,535.6675437,680.7673837
1988365,524,18,13.8,101563,-19.88,45.47554133,-122.7568249,541.3253284,682.4940557
1989366,524,18,13.8,101574,-20.88,45.47554506,-122.7568294,545.0552753,682.9382966
1990367,519,18,13.8,101590,-21.96,45.47555101,-122.756838,551.0064265,683.8016326
1991367,514,17,13.8,101598,-22.21,45.47555796,-122.7568426,557.9634062,684.2626373
1992369,508,16,13.8,101607,-23.95,45.47555859,-122.7568409,558.5920489,684.0866173
1993369,503,15,13.8,101620,-24.62,45.47556425,-122.7568437,564.2498336,684.371602
1994371,508,16,13.8,101627,-25.37,45.47556471,-122.7568389,564.7108382,683.8854517
1995460,508,16,13.8,101648,-26.69,45.47557133,-122.756832,571.3325417,683.1981356
1996456,503,15,13.9,101661,-28.27,45.47557313,-122.7568332,573.1346509,683.3154822
1997453,508,16,13.9,101675,-29.02,45.47557313,-122.7568332,573.1346509,683.3154822
1998450,508,16,13.9,101691,-30.43,45.47557703,-122.7568264,577.0322359,682.6365481
1999450,508,16,13.9,101706,-32.09,45.47557837,-122.7568243,578.3733404,682.4270005
2000450,524,18,13.9,101720,-33.09,45.47558256,-122.7568195,582.564292,681.949232
2001452,519,18,13.9,101725,-33.25,45.47558508,-122.7568175,585.0788629,681.7480664
2002452,519,18,14,101747,-34.83,45.47558202,-122.7568182,582.0194683,681.8151216
2003453,524,18,14,101750,-35.82,45.47557791,-122.7568275,577.9123357,682.7455128
2004454,524,18,14,101769,-36.99,45.47557431,-122.7568334,574.3081174,683.340628
2005456,529,19,14,101788,-40.3,45.47558127,-122.7568381,581.265097,683.8100145
2006457,529,19,13.9,101779,-38.89,45.47558508,-122.7568368,585.0788629,683.684286
2007457,531,19,13.9,101797,-38.48,45.47559174,-122.756834,591.742476,683.3993013
2008459,536,20,13.8,101776,-37.65,45.47559698,-122.7568306,596.9811654,683.0556432
2009459,548,22,13.9,101768,-36.9,45.47560226,-122.7568275,602.2617644,682.7538947
2010461,552,23,13.9,101772,-36.74,45.47560758,-122.7568252,607.584273,682.5192014
2011461,552,23,14.1,101792,-39.23,45.47560876,-122.7568176,608.7577394,681.7564483
2012463,552,23,14,101794,-38.06,45.47560993,-122.7568078,609.9312058,680.7757656
2013463,548,22,14,101757,-35.99,45.47561341,-122.7568029,613.4096957,680.2896152
2014465,567,25,14.1,101773,-36.82,45.4756114,-122.7567917,611.3980389,679.1748221
2015465,567,25,14.1,101764,-36.99,45.475607,-122.7567892,606.9975397,678.923365
2016466,555,23,14.1,101771,-36.74,45.47560398,-122.7567793,603.9800546,677.9343004
2017467,555,23,14.2,101766,-36.9,45.47560729,-122.7567734,607.2909063,677.3391853
2018468,567,25,14.2,101760,-36.41,45.47561404,-122.7567698,614.0383384,676.9787634
2019470,561,24,14.2,101769,-36.82,45.47562271,-122.7567661,622.7136082,676.6099597
2020470,574,26,14.3,101771,-37.07,45.47562292,-122.7567592,622.9231558,675.9226437
2021472,572,26,14.3,101766,-36.07,45.47562665,-122.7567588,626.6531027,675.8807341
2022472,572,26,14.3,101763,-36.41,45.47563118,-122.756757,631.1793304,675.7047142
2023474,572,26,14.4,101768,-36.41,45.47563428,-122.7567571,634.2806346,675.7130961
2024474,567,25,14.4,101763,-36.24,45.47563474,-122.7567581,634.7416392,675.805297
2025476,567,25,14.5,101763,-37.15,45.47563734,-122.7567579,637.3400292,675.7885332
2026476,574,26,14.5,101760,-36.32,45.47564073,-122.7567594,640.7347,675.9394075
2027478,574,26,14.5,101761,-36.24,45.47564417,-122.7567615,644.1712803,676.148955
2028478,572,26,14.5,101760,-36.74,45.47564363,-122.7567621,643.6264566,676.2076284
2029479,572,26,14.5,101762,-36.9,45.47564769,-122.7567637,647.6916796,676.3668845
2030480,572,26,14.6,101764,-36.48,45.47564208,-122.7567636,642.0758045,676.3585026
2031481,572,26,14.6,101767,-36.9,45.47564954,-122.7567658,649.5356983,676.584814
2032483,578,27,14.7,101759,-35.58,45.47565591,-122.7567656,655.9059447,676.5596683
2033483,592,29,14.7,101767,-36.48,45.47566135,-122.7567638,661.3541818,676.3752664
2034485,596,29,14.7,101766,-37.15,45.47566454,-122.7567627,664.539305,676.2746836
2035485,611,32,14.8,101763,-37.15,45.47566546,-122.75676,665.4613143,675.9980808
2036488,634,35,14.8,101767,-36.82,45.47567062,-122.7567596,670.6161848,675.9561713
2037488,638,36,14.8,101761,-37.15,45.47567036,-122.7567597,670.3647277,675.9729351
2038489,656,39,14.8,101771,-37.15,45.47567171,-122.7567592,671.7058322,675.9226437
2039489,659,39,14.9,101772,-36.82,45.47566789,-122.7567623,667.8920663,676.2327741
2040491,675,41,14.9,101766,-36.65,45.47567912,-122.7567654,679.1238165,676.5429045
2041491,699,45,14.9,101762,-36.57,45.47568851,-122.7567693,688.5115481,676.928472
2042492,708,46,15,101768,-36.74,45.47568231,-122.7567671,682.3089397,676.7105425
2043493,699,45,15,101766,-36.74,45.47568897,-122.7567692,688.9725527,676.9200901
2044495,690,44,15,101769,-36.82,45.47568419,-122.7567734,684.1948679,677.3391853
2045497,683,43,15,101774,-37.4,45.47567233,-122.7567732,672.334475,677.3224215
2046497,683,43,15.1,101765,-36.99,45.47567137,-122.7567744,671.3705561,677.4397681
2047499,666,40,15.1,101761,-37.31,45.47566337,-122.7567748,663.3658386,677.4816776
2048498,666,40,15.1,101772,-37.15,45.47566232,-122.7567776,662.3181007,677.7582804
2049500,666,40,15.1,101773,-36.9,45.47566232,-122.7567776,662.3181007,677.7582804
2050500,666,40,15.1,101771,-37.07,45.47566228,-122.7567753,662.2761911,677.5319691
2051502,656,39,15.1,101768,-37.31,45.47565104,-122.7567679,651.0444409,676.7859797
2052502,656,39,15.1,101764,-37.65,45.47565104,-122.7567679,651.0444409,676.7859797
2053504,659,39,15.2,101762,-36.32,45.47565104,-122.7567679,651.0444409,676.7859797
2054504,659,39,15.2,101765,-35.99,45.47565104,-122.7567679,651.0444409,676.7859797
2055505,656,39,15.2,101767,-36.9,45.47565104,-122.7567679,651.0444409,676.7859797
2056507,666,40,15.2,101761,-36.41,45.47565104,-122.7567679,651.0444409,676.7859797
2057508,659,39,15.3,101759,-36.41,45.47565104,-122.7567679,651.0444409,676.7859797
2058509,659,39,15.3,101769,-36.48,45.47565104,-122.7567679,651.0444409,676.7859797
2059509,666,40,15.3,101759,-36.82,45.47565104,-122.7567679,651.0444409,676.7859797
2060511,656,39,15.3,101764,-36.65,45.47565104,-122.7567679,651.0444409,676.7859797
2061511,656,39,15.3,101768,-36.48,45.47565104,-122.7567679,651.0444409,676.7859797
2062513,656,39,15.4,101768,-36.24,45.47565104,-122.7567679,651.0444409,676.7859797
2063513,650,38,15.4,101771,-36.82,45.47565104,-122.7567679,651.0444409,676.7859797
2064515,643,37,15.4,101759,-36.24,45.47565104,-122.7567679,651.0444409,676.7859797
2065515,656,39,15.4,101757,-36.65,45.47565104,-122.7567679,651.0444409,676.7859797
2066516,656,39,15.4,101770,-36.57,45.47565104,-122.7567679,651.0444409,676.7859797
2067517,659,39,15.5,101760,-36.57,45.47565104,-122.7567679,651.0444409,676.7859797
2068518,659,39,15.5,101777,-37.31,45.47560633,-122.7567814,606.3269875,678.1354661
2069519,666,40,15.5,101768,-37.07,45.47560633,-122.7567814,606.3269875,678.1354661
2070520,672,41,15.6,101801,-39.31,45.47560633,-122.7567814,606.3269875,678.1354661
2071522,666,40,15.5,101766,-36.99,45.47560633,-122.7567814,606.3269875,678.1354661
2072522,683,43,15.5,101773,-36.65,45.47560633,-122.7567814,606.3269875,678.1354661
2073524,683,43,15.5,101768,-37.4,45.47560633,-122.7567814,606.3269875,678.1354661
2074524,683,43,15.5,101769,-36.99,45.47560633,-122.7567814,606.3269875,678.1354661
2075527,683,43,15.5,101772,-37.48,45.47560633,-122.7567814,606.3269875,678.1354661
2076526,672,41,15.5,101768,-36.99,45.47560633,-122.7567814,606.3269875,678.1354661
2077528,683,43,15.5,101775,-37.07,45.47560633,-122.7567814,606.3269875,678.1354661
2078528,683,43,15.5,101769,-36.74,45.47560633,-122.7567814,606.3269875,678.1354661
2079529,690,44,15.5,101775,-36.99,45.47560633,-122.7567814,606.3269875,678.1354661
2080530,683,43,15.5,101773,-37.48,45.47560633,-122.7567814,606.3269875,678.1354661
2081532,675,41,15.5,101766,-36.99,45.47560633,-122.7567814,606.3269875,678.1354661
2082532,675,41,15.5,101761,-37.31,45.47560633,-122.7567814,606.3269875,678.1354661
2083533,683,43,15.5,101769,-37.15,45.47560633,-122.7567814,606.3269875,678.1354661
2084535,690,44,15.5,101772,-36.9,45.47560633,-122.7567814,606.3269875,678.1354661
2085535,692,44,15.5,101765,-36.82,45.47560633,-122.7567814,606.3269875,678.1354661
2086537,690,44,15.5,101765,-36.74,45.47560633,-122.7567814,606.3269875,678.1354661
2087537,690,44,15.5,101774,-37.48,45.47560633,-122.7567814,606.3269875,678.1354661
2088539,708,46,15.5,101769,-37.07,45.47560633,-122.7567814,606.3269875,678.1354661
2089540,708,46,15.6,101760,-36.74,45.47560633,-122.7567814,606.3269875,678.1354661
2090541,735,51,15.6,101770,-37.07,45.47560633,-122.7567814,606.3269875,678.1354661
2091542,732,50,15.6,101776,-36.99,45.47560633,-122.7567814,606.3269875,678.1354661
2092544,708,46,15.6,101768,-36.99,45.47560633,-122.7567814,606.3269875,678.1354661
2093543,704,46,15.6,101766,-37.4,45.47560633,-122.7567814,606.3269875,678.1354661
2094544,715,47,15.6,101775,-37.48,45.47560633,-122.7567814,606.3269875,678.1354661
2095546,708,46,15.6,101776,-37.31,45.47560633,-122.7567814,606.3269875,678.1354661
2096547,708,46,15.6,101774,-36.99,45.47560633,-122.7567814,606.3269875,678.1354661
2097549,726,49,15.6,101773,-37.65,45.47560633,-122.7567814,606.3269875,678.1354661
2098550,735,51,15.6,101780,-37.48,45.47560633,-122.7567814,606.3269875,678.1354661
2099551,732,50,15.7,101795,-38.89,45.47560633,-122.7567814,606.3269875,678.1354661
2100551,715,47,15.7,101780,-38.48,45.47560633,-122.7567814,606.3269875,678.1354661
2101553,715,47,15.6,101782,-38.14,45.47560633,-122.7567814,606.3269875,678.1354661
2102554,708,46,15.6,101774,-37.65,45.47560633,-122.7567814,606.3269875,678.1354661
2103555,699,45,15.7,101802,-39.48,45.47560633,-122.7567814,606.3269875,678.1354661
2104555,699,45,15.6,101781,-38.14,45.47560633,-122.7567814,606.3269875,678.1354661
2105556,690,44,15.6,101780,-38.23,45.47560633,-122.7567814,606.3269875,678.1354661
2106557,757,54,15.7,101797,-39.23,45.47560633,-122.7567814,606.3269875,678.1354661
2107558,735,51,15.6,101777,-37.82,45.47560633,-122.7567814,606.3269875,678.1354661
2108560,715,47,15.6,101782,-38.06,45.47560633,-122.7567814,606.3269875,678.1354661
2109560,708,46,15.7,101780,-37.98,45.47560633,-122.7567814,606.3269875,678.1354661
2110562,708,46,15.7,101781,-37.31,45.47560633,-122.7567814,606.3269875,678.1354661
2111562,726,49,15.7,101788,-38.23,45.47560633,-122.7567814,606.3269875,678.1354661
2112564,675,41,15.7,101778,-37.57,45.47560633,-122.7567814,606.3269875,678.1354661
2113565,692,44,15.7,101776,-38.14,45.47560633,-122.7567814,606.3269875,678.1354661
2114567,692,44,15.7,101773,-38.48,45.47560633,-122.7567814,606.3269875,678.1354661
2115566,692,44,15.7,101770,-37.57,45.47560633,-122.7567814,606.3269875,678.1354661
2116568,692,44,15.7,101778,-37.57,45.47560633,-122.7567814,606.3269875,678.1354661
2117568,699,45,15.7,101778,-38.23,45.47560633,-122.7567814,606.3269875,678.1354661
2118569,704,46,15.7,101774,-37.82,45.47560633,-122.7567814,606.3269875,678.1354661
2119570,699,45,15.7,101787,-38.14,45.47560633,-122.7567814,606.3269875,678.1354661
2120571,704,46,15.6,101780,-37.57,45.47560633,-122.7567814,606.3269875,678.1354661
2121572,692,44,15.6,101779,-37.65,45.47557225,-122.7567759,572.2545511,677.5906424
2122573,690,44,15.5,101809,-39.64,45.47556676,-122.7567768,566.7644045,677.6828433
2123576,675,41,15.4,101787,-38.81,45.47555943,-122.7567763,559.4302392,677.6325519
2124575,672,41,15.4,101773,-37.9,45.47554095,-122.7567803,540.9481427,678.0348832
2125577,666,40,15.4,101786,-38.48,45.47556949,-122.7567814,569.488523,678.143848
2126577,672,41,15.4,101786,-38.81,45.47556513,-122.756785,565.1299334,678.5042698
2127579,675,41,15.3,101787,-39.06,45.47556031,-122.7567894,560.3103391,678.9401288
2128580,675,41,15.3,101788,-38.73,45.47555746,-122.7567965,557.460492,679.6525906
2129582,690,44,15.3,101795,-39.14,45.47554996,-122.75681,549.9586886,681.002077
2130581,699,45,15.2,101788,-38.48,45.47554212,-122.7568232,542.1216092,682.3180358
2131582,715,47,15.2,101784,-37.98,45.47552733,-122.7568475,527.3275501,684.7487877
2132583,726,49,15.2,101787,-38.65,45.4755202,-122.756858,520.2029324,685.7965256
2133584,757,54,15.2,101781,-37.9,45.47550767,-122.7568767,507.6719871,687.6740719
2134586,757,54,15.2,101784,-38.14,45.4754987,-122.7568911,498.7033508,689.1073773
2135587,757,54,15.2,101789,-38.89,45.47549497,-122.7568966,494.9734038,689.6605829
2136589,757,54,15.2,101796,-39.39,45.47549455,-122.7568879,494.5543087,688.788865
2137589,761,54,15.2,101802,-39.8,45.47552205,-122.7568754,522.0469511,687.5399614
2138591,778,57,15.2,101790,-38.48,45.47552205,-122.7568754,522.0469511,687.5399614
2139592,778,57,15.2,101785,-38.56,45.47550935,-122.7568724,509.3483678,687.2382129
2140594,778,57,15.2,101785,-37.98,45.47558696,-122.756838,586.9647911,683.8016326
2141594,778,57,15.2,101783,-38.06,45.47558696,-122.756838,586.9647911,683.8016326
2142595,795,60,15.2,101790,-38.73,45.47558696,-122.756838,586.9647911,683.8016326
2143595,795,60,15.2,101789,-38.81,45.47558696,-122.756838,586.9647911,683.8016326
2144596,813,62,15.2,101791,-38.97,45.47558696,-122.756838,586.9647911,683.8016326
2145597,834,66,15.2,101798,-38.56,45.47562468,-122.7568646,624.6833554,686.4586959
2146598,865,70,15.2,101788,-39.55,45.47562468,-122.7568646,624.6833554,686.4586959
2147600,872,71,15.3,101797,-38.97,45.47562468,-122.7568646,624.6833554,686.4586959
